Bot Hash,Profit,Attacks,Attackers,Exchange Count,First Block,Cluster ID
0x1DB9Baef62D4ad8a74E9051B1a4b49419Fa01573,32031.755124833708,770,4,1,5599805,1
0xC9D9c248A71e5573A4f446B825F915C3e1359239,456.9557019608158,12,1,1,5574870,1
0xde78495b4ee3E0E569fAF1c4a35a90F9c1544294,82.79329274889716,3,1,1,5247299,1
0x097aBff335E9F058b081bd229559a3878d2e3B01,283.0564985059051,13,2,1,5298109,1
0x1d8A5212Ae7C196cafBf58ad5f75B7aC9bDeb0B9,3877.728183454159,26,1,1,5197498,2
0x419b84CC5e6967AeD396F01F598947dbCC26EFD7,217.96999559626295,6,1,1,5626068,1
0x1F573D6Fb3F13d689FF844B4cE37794d79a7FF1C,-118.02184435884793,32,52,1,5525670,1
0x11C9e9d921C30D8441131d543DF2dB72a9c7b2B2,128.6679095242873,6,1,1,5550897,2
0xFb5C7c7a199912c3bB5974ED0e0b3FdDc9D2E6C0,618.1070815360631,3,2,1,5198491,3
0xDff6aF15cC2530397Ff8841e9B6d90ccC997d9c3,2441.272995485233,57,2,1,5223749,1
0x2b9Eab2098E4A363A114AA6934f5C3CdEa8149a3,-88.20202313368303,1,2,1,5626604,1
0xD98947c9c377A9a0eD35f6dfac36981f1413B6e9,400.26477456203395,9,1,1,5201214,1
0xdfb702D463B378DEEf627F29B34fBea0eEE16b63,4139.458413479654,104,2,1,5557208,1
0x99515eE5c0E549B1622f785fb0A9Eff14Caaac16,21.663242990254464,1,2,1,5357687,1
0xf42441BC7D324887a6a290Ab220D71f29de69d88,15231.60310319913,296,7,1,5700708,1
0x4A5cb62e27120a5A2b113198A69a2b12069Ad146,-133.12148901356238,4,4,1,5607852,1
0x4A9ab0cCed868232aa314E441C19424C2E6c9079,62.87366537264069,3,2,1,5675633,1
0xe88d6D63389d5c91e6348e379913F330739ad2c4,0.17449832977582616,1,2,1,6230442,1
0x9BCA2C47EaA29558254D6F746a59d7B76Ba3A5e8,825.6268237735286,15,4,1,5675978,1
0x46ffCDc6D8e6ed69F124D944bbfe0ac74f8FCF7F,-97.19878097239504,3,6,1,6029082,1
0x587044b74004E3D5eF2D453b7F8d198d9e4cB558,0.6624267637211565,3,5,1,5828427,1
0xd64aC0a8f157DF9762F8Fae9e650a0f99b039629,-40.2267764383723,3,5,1,5586101,1
0x3d937Ed623EF7ff3A61C55aeBe32789FE443cF13,-14.65635474867998,1,2,1,5704401,1
0x11614c5F1Eb215Ecffe657Da56d3Dd12df395dc8,-0.07201788861352257,3,5,1,6336486,1
0xd0C1bdb51514F144f11169140d408C26bd89f9E5,-12.64823734438086,1,2,1,5613493,1
0xe9800c0b73A71Be61D49a61FA3B2320ee524Fb3D,2.7364902348658697,5,9,1,6235681,1
0x80DBaed5042920CA9157055b958C650411E73676,1471.697126150918,429,3,1,7088138,1
0x4eE51d6484B1789Ba6e6Ae766e93263F713bCB4D,2024.0409854048446,457,6,1,7088153,1
0x02B5e0C10862c8D24585C00282bDE99D09831a6c,-7.247827670942992,1,2,1,5682343,1
0xc255cB7Bc68B8df00A13298e73CeB395da2b9cC1,253.49109796065287,101,6,1,7164175,1
0xc2a694C5cED27E3D3a5A8bD515a42f2B89665003,981.6406484305347,76,1,1,7139311,1
0x9A914CeE02C69E37E4CA51C46967e4FFAcb95cc5,-41.45979079142866,1,2,1,5590955,1
0xcd33B0592Aff3a996614430bf6F8f5354e150F03,49.330620720192925,15,3,1,7165204,4
0x8b30e174BdDB3C0376e666aFB8a4196e2F53182d,-7.5772574932595305,1,2,1,6465638,1
0xDBfCa6b7fF1a2c5F7ddEbDb06572F5E402B2CC80,395.20685275034936,54,1,1,7466737,1
0xB958a8f59AC6145851729F73c7A6968311d8B633,10790.63057728341,1511,4,1,7542655,1
0xB2eE2AB06c61e4fC4DEbfF12433C1dBe7167D598,3997.8831718802176,320,4,1,7166800,4
0x9F35334c9Dc3C66347d33558b7CFe800380391B5,372.58865450334434,72,6,1,7192807,1
0x13ddAe7f499474791D78902b4fa8C32a418BA3Ad,-24.684947864688073,1,2,1,5618079,1
0x5B7bb3fE2E03541E46E3FBD38B1B4De66316eF1e,61.67328759473858,41,2,1,7168776,4
0x9e8f95969aB023c36541Bc089e25D50C6fCF0811,2.980243488137212,4,8,1,7268976,1
0x72844AB8b5F59c0251bCcE6ef5f2be92D7528c1a,8.482284519701214,1,2,1,6747619,1
0x2DC1EC4f74AF4DF6a64ca884a91cBB279Fe3CFaF,206.47608055994024,41,6,1,7145250,1
0x9A3487c0d300C4D3a7B3ff38d7A18c53C66f1c49,-0.960772798886333,2,4,1,7172272,1
0x60c866423679FD30C1c7a7e16ED5142E9632a860,-29.759618190573967,2,2,1,5624287,1
0x4cCd6c8da3E35F60C3328388d46f64F1be49B41F,-7.43133081853266,1,1,1,5573692,1
0xdA56a88175D4c8707C51DF845f838cF3fE070870,18307.116371387652,3736,4,1,8451069,1
0xde6A1e3702C31aE9E13EC316FcE463278c8962d3,-11.197693915427216,1,2,1,5697136,1
0x3f7Ba8B8F663fdDB47568CCA30eac7aeD3D2F1A3,47.05548717776967,1,2,1,7883334,1
0x749572A17718B4E8D6d25A5A8F169378E63b2E59,9294.07226782977,1093,1,1,9156316,5
0x1800816B8aEF5e8dF13cA39b545C471DFE66C80F,989.314933838697,387,1,1,9307768,5
0xb80C9b1b4F894F9669796A0605A9DAA0E80E6912,161.95818528226488,153,1,1,9307877,6
0x515E742F6AEDf7Ba98ABC4F22f9A5160274038F5,565.8045382741288,51,2,1,9257626,1
0xAdEf502ed93d9ecB19373D65C40471bEAd8fE209,557.690262950734,95,1,1,9358609,5
0x9bd19fE06E5906d22Ed30bbd0578B664d222877F,263.04157296501614,25,1,1,9484297,5
0x0B301C47264D86629B0BEeCe3f59d5AED4DdB932,285.116474797473,60,1,1,9434371,5
0x5E58631e71d117f423cF9e050d1E8500D5e8a5fF,608.1488868313738,82,1,1,9459566,5
0x6968a989E0fb2D1725c7e2B5b8ae8A79706a03C2,226.1196578595155,44,1,1,9585664,7
0x02B5d3b1C91E7579dCeaFb44c9c688425a50Ad97,-11.01127819459311,9,1,1,9635610,7
0x80658039F72E9Bc2CAFC9F30D378e1D5B42D2073,994.1260822257906,116,1,1,9510233,5
0x8632FBDF382516A4A62CD328FFd6F3a60d916C3E,962.1167109682492,87,1,1,9660836,8
0x19A4D909957678C42CA307e81ec0344151A04EAC,150.01252826256567,13,1,1,9686017,9
0xC5eB9BC3d0FAc55D25a661d656552dC9d6957949,13.359323346250427,5,1,1,9460394,5
0xC4b2C58EdC2de7628A706b9e8B67264F1d43c6BB,1005.7771195583111,94,1,1,9485506,5
0x70C3C504Dc43c450E7b8a6f185951b9fA2Bd866E,133.74084592332287,50,1,1,9711247,10
0x94511537D99701455b824653f7b27cc8029aa38C,208.545417225059,38,1,1,9611189,7
0x859b1fDF23485f03eE54D3F942D5D05e1A6e9676,248.60453989693215,100,2,1,9761731,10
0x057eDE4138574358F4b5b7Fe269338223EE381d4,34.645768823492226,6,1,1,9761749,11
0x17cBEc31b153242e5C6F42Aa80d3807Bd44e6db7,439.9322951152343,78,1,1,9536724,12
0x5c95842f9Db0a85315F90B4d6CD92CC93619e8E7,91.8060009589969,16,1,1,9711679,11
0xe10fd28492046E4ab89639604DfdC8CABDc8129c,4.050405272712974,1,1,1,9787009,13
0xE2ef1677Ab90163C6D0B88D2B2A3647E682e451c,233.83968177865967,31,1,1,9587601,7
0x626F204C12479D146F92F4ca568c23adB2F53039,132.8600528850193,24,1,1,9637101,7
0x3725385D5Ae829b3214CDc85b66d828489C2F2Ac,3.0259655116120325,1,1,1,9563244,7
0xC112ec9EE5fefC145eDEFa6DaDF714f18dDF8458,4.139598921013943,1,1,1,9763828,11
0x5100276Ff4561D05A502527De00e9515129e3cfE,5132.162206319385,1219,3,1,9837852,10
0xB4468D4e7bCa669933c4A4dC6C268E8e43996c95,39.89749131904139,9,1,1,9888051,13
0x126Ac57D08Ff5fa445c67A5E6f30A41E9878fe28,5.117885123814922,8,1,1,9788838,13
0xa5EF84FAdCFe51FfB2e511eA506262D91096E053,26.26743418769378,5,1,1,9863291,13
0x531074d89bCFae025d0066c21dAf0D8384C51412,343.73157812677533,1,1,1,9938340,13
0x42C2F5C29b0de9921fabb178AD8706158699F28B,15.40955450267068,1,1,1,9938340,13
0xf00667578c635ee6800Ca41204579B2B38EC8380,270.8106663658318,24,1,1,9663782,8
0x3A4B04399d652a001B6cAab9761199E9305D0EE8,30.280558360563845,3,1,1,9963703,13
0xB58375841F94Ba9E5ECe01e49cbE1140AcD56df4,308.23072582647455,6,1,1,9913529,13
0xF7951171DC510d0C7225997Ac532C0723DE5Dad4,111.66457704022515,33,1,1,9963862,13
0x7A04c8F16ee233d3EcB20fAaB7FFBdeFb4B606dd,834.5929188851437,9,1,1,9988903,14
0x6a0c62E90d186957855a320864c11d29295117C7,6.525697207605301,1,1,1,9814612,13
0xFBC77E2C2431d12e2C95e6aDB6F39d59F404c37d,4.634446683734414,1,1,1,9689333,9
0x15ec2bCa7dE55d125f122cB35e54b317FDcd5c89,258.2278446308965,43,1,1,9989258,14
0x1b60364F43598F1C4F95e25d5BDd0408E0FC939f,674.5721272735232,50,1,1,10039243,14
0x40F094Ae8e14D458c3893d1939D814f601eb3D1F,3312.151078875844,25,1,1,10039283,14
0xc286e2938877247D0b5d69b886AC544B082ffA55,338.0796785760421,72,1,1,10064472,15
0x65cDFa63A23e53Adbe31096d40c3aA33D195B6A2,354.2786420681755,66,1,1,10014183,14
0xed79c8552646A8e0E3af0543178a5305E5418268,1594.3387148287406,65,3,1,10089626,16
0x81EbA9C6dE7FCc54a10dfFFa25B8b5eCb698F5aB,1461.584313183716,314,1,1,10089648,17
0x59783031CDd939c89E2f66A1c9276D334FE5a657,1582.3100987406947,104,3,1,10089681,16
0x741E23Da78f37c1b50836e97BB6366EFB2209453,141.88496082953998,22,1,1,9939398,13
0x7fa4d86BEC46CEA223FaA7b351C925b2916489AB,2033.8397361850316,60,1,1,10114941,17
0xB80C4A5e216dC3Df66B2BFf488b528c6ea62C20A,15.86006382847544,3,1,1,9815440,13
0x68783B83C88D6b726732716FfC347F60ef29Da0D,178.22333925117584,37,1,1,9964793,13
0xe8ACFD96349A3Fdc2c5511bC027770bcf2411A20,1870.563707322127,104,3,1,10089888,16
0xd7a9B0889F19eD0E5BA93D79aa68b8B6AFdF2a04,43.26953822436876,2,1,1,9640225,7
0x4FE538ee29991D1c324c4130a399f5565f9a7a40,4.852370544029977,3,1,1,9839990,13
0xA0dc0Aa8Ff89A74C9E5EDCB008788B201405683c,0.7483621266569921,1,2,1,8414000,1
0xBA60Eecd25C7e766e45eF56a100A3278c7fd661b,5.582736223599525,1,1,1,9689930,9
0x3969B0B46bb0a87C4F2052d709743e799f3181Bb,1207.529923691099,74,3,1,10090031,16
0x155c296C44F22531b0680744bD3B9f0Fc3bdF3dA,49.797819797120866,4,1,1,9964997,13
0xA77E1550CB41828daB40c9A3e2c4B0F12013405a,68.20374393373098,2,1,1,9890007,13
0xbE05BDca3EEE47F0d0c4A9BD5810c86D4F335770,466.51148737711515,31,2,1,10190681,18
0x66657E7F04cFccf474aFDDE570665523fc0fC331,145.45321092893266,22,3,1,10040067,16
0x78c1c56DbA4A1c16CD37BAB247F22753b74Ee923,549.550297518993,35,5,1,10040112,16
0x2347a7cA98Ab11a830279f480362d0b24d9d20Fe,1189.0158204068352,218,2,1,10215843,19
0x6297Ec22c56ce2432275b3C83567f2Dfb42EFA6a,12483.05814333792,554,2,1,10215859,18
0x4dF3f167387f93fDc927A6e6d709F166b2Ee279B,17566.594918139705,1057,2,2,10241050,19
0x0631DD0a35f7310672B2946fCCA13F50f54C474a,2366.292187792654,125,2,1,10190842,18
0xF59eF7b19A4505D3Ebce0b86d0104a807e499261,4056.6960345754565,242,2,2,10241126,19
0xEca2E07abc83C78A7178C46b84962aF86de342ff,55478.884028899825,4130,2,1,10266226,18
0xe13937DC21510c75C21314DaAAf2cbD1fa2f16D4,2607.3257861126745,91,2,1,10190958,19
0x964D388BFc2CCEf359b33F6dE5D599fCE8cbd064,547.0966861327854,31,3,1,10040394,16
0x1affD9b4B8d52E50814b1Ae6d2577De5825471F3,486.43049728355425,14,1,1,10015442,14
0x7f6c588265eE8f4492F9ffC62ac959Ed6B23Df42,45.50324385753814,1,1,1,9865449,13
0x1365869fA8bE6844B4187dEA52B294D22EB27b19,2.7767562415577642,1,1,1,9767160,11
0x472C13a7B1315704714965e94793E73e881fcD3D,1250.6476062146753,6,1,1,10065910,15
0xb0AC3A4b6762Ee388E65F5B005CCDD36867D20C6,13143.361535272457,482,2,2,10367099,19
0xEC153Ba45fF557218fF862Cd6190960c087F5E68,340.38182097848306,21,1,1,9617070,7
0xe5011a9BB45F2A52a2Cb19047a5eC8a86a7e35b3,4.3527843376585835,4,1,1,9866217,13
0x24AD484b4C3eFb31DaEebA487470EB8831d90F60,-0.09811429291757669,1,1,1,9215692,6
0x05C5739D859f15072c9C0dcE19a467981bA28155,26.78302243084957,5,1,1,9842134,13
0x9553c38A3f986033864e45D6bcdD8F0c9183800a,89.23931008461213,6,1,1,9691841,9
0xBfd5362a12Bae3DD1D7B7D03f14DBFF7c851DD6F,8404.671910002937,135,2,1,10392425,19
0x990Ac30FFD4e0cf6C49d43e0472fA45Ed751dC71,3242.337834154538,79,2,1,10217048,19
0x2cfc01E9dA094b41b15f8284c6b0B3D3204F3942,5723.762445036228,806,1,1,10392508,10
0x8E86521b47D60cE041c9a63A7b8Bc2bAe959a1De,143.61190458560338,19,1,1,9741936,11
0xC13df65512FdD3b45772Ccd70EfB48Dc6Eb8f2fD,0.005356751876827041,2,1,1,9216442,6
0x9f399c577593e36cb30b98c1F0D109D115Cf0eA6,10.941251529697968,2,1,1,9817716,13
0x4d94745b47eF55b120e06F9a13398EDf923BEE91,13335.640379915152,1190,2,1,10417565,18
0xF9371Cd738239fC4E705133bB22944045C10698c,28669.068470621358,2562,10,1,10417600,1
0xb9E83f76ce7851F7C7E96563848C3Cc307a99213,19125.00643843208,499,2,1,10417631,19
0xf9E3637C03053196CF750e109fcF8B98A49A83F9,0.32865281556984705,1,1,1,9692635,9
0x5adB8d52970CfD8796Bf0FB0b726E4F8Ed406446,28.14641165615222,6,1,1,9692635,9
0x9e96e2f6B39162c2e693C1b4D4Cd0edb9D33fF48,281.8718948218804,2,1,1,9916804,13
0x178eb36d0c4d8B174B08b46Cfa30F22f33f748E5,119.80399598859884,30,1,1,10042417,14
0x6ce99A06433CAD50a04925CBB5De3c26eB29bb66,385.0885773523149,46,3,1,10417788,20
0x284900d5aB66356FBF936A0469aB0E138F965114,65986.54503105675,3173,5,1,10468138,21
0xdf1BAc82673D6B9A18D9C476Fd90bbECF00Fce5D,1802787.1983615889,6476,3,2,10468148,19
0x33e6C4EEF78b36e8B931B06ab9d56576D307314E,121.54905792600073,8,1,1,9942039,13
0x5d4226a91E05DFfa1984111E6f791c2a3e0bcF3a,-8.609116383173015,1,1,1,9769486,11
0xCb43027cfbbCCe4d0BA7c99Ca391415df93F2886,1587.8079576291395,160,2,1,10167812,19
0xc3Ca90684Fd7B8C7e4BE88c329269fc32111c4bD,194083.68691217277,5442,5,1,10443099,20
0xC861474d16976fDF8db85D93630296b653A5c385,34.95889381193872,7,1,1,9717567,11
0x386D25282732E2A0Af810263e320FB034884D611,170.8604371838731,61,2,1,10368703,20
0x46EFF53e5f36D9a4201f6df0D72DF207C7f88229,305.7701837833428,28,1,1,9917536,13
0x186e3034102d22Ca5b5482e1627d21BEEFd8C0E0,371662.3387926982,841,3,2,10493462,19
0x42D0ba0223700DEa8BCA7983cc4bf0e000DEE772,1062740.282030561,20144,9,1,10518415,1
0x615fB5FF304d54dF007B5c6c51DCA2cedDD1d61E,307.4927205345414,7,1,1,9917585,13
0x842a66B7D71664e18676770701A8327b10E97358,212.43817208296446,43,1,1,10068342,15
0xF7514F346b33881d463511c0289fE52BCB92D5c9,18.0895072245099,4,1,1,9770377,11
0x72CA3cc7100e3327A9c38467A4cd6b84439e4a7D,153.1613259993435,7,1,1,10068483,15
0x8fF4Ff42F07cBa81748F7C6969F2750da2c6F7dB,18186.096350845906,1869,10,1,10518786,22
0x8C20963A189a4a025741404D8A21dEA707364546,24744.43464886542,1024,1,1,10518806,10
0x57ed6eBB962a98bf30992d071934207748F04c6E,188.4168918895814,16,1,1,9893123,13
0x220a5b3A04919f8A8FE7c05A8635E38E3A02297A,-0.3678111327626562,1,1,1,9794641,13
0x68C4594bE85Fc0EA734C3C13896c974949c027d5,3029.3085033726707,13,1,1,9893378,13
0x928450262027f9e52cdb4D706F148F45f0EA1AEe,351.2774664141869,5,1,1,10044022,14
0x0E2362DFC0Af9112d38BD8c0EF0e1398E3204180,176.90877968857097,38,1,1,9644532,7
0x330AD9607Ff1B165eda7afF2eAAD5B56A704B873,18614.519260592555,395,26,1,10568864,22
0x06B51c826A683Be184632D5a492FaCDa108d228e,85.43359977902429,3,3,1,9994899,23
0xec48D2C85d18992B7454474e00587765b93593eD,161810.2421901901,3010,885,1,10594155,24
0x48C5dB50d9B74b97BA2cc9480Dad75119b3A41F7,8.211223151764008,1,1,1,9644760,7
0x2d63c2C3A03F2A0138FAa671c1E9cD25767aAC65,116695.95201453117,2338,1,1,10644554,10
0x92b3Af1c9dd63f7066fa3715EB0bE559798b4A2E,79.44736221588579,75,2,1,10569096,21
0x6662C8772Ae7D80A19eb35F3e04bb1474Bc1Ea61,11684.581400654106,1038,4,1,10619332,24
0x73cD3438104172FeDF25F2D5642DA9017ae32FdB,26.584224699307384,9,1,1,9894302,13
0x229779eFD1896e1A4bDC0Acf5CE1DE11C940d102,548.2080261892584,76,1,1,9969679,25
0xA461d53ae14624B6Dbdf1f28e2940CFD64bdbb1D,-0.36762832396761325,2,1,1,9820615,13
0xa3A8dcC41B584a6C4d812fe008C7C8470D73Df3e,32117.0469250607,1423,2,1,10695018,26
0x7642320a709add00EfD02044Ff9bBCA79554cBF8,10.721333028997039,1,1,1,9520764,5
0xC8De8feF2A0FeD84acdD31370320f03Fe84E2a2a,126253.83672719759,1321,3,1,10720201,20
0x494Cc492c9f01699bfF1449180201dbfbD592EA5,564614.7423728204,6857,5,1,10745425,24
0x1FCa5d2ec9d65388C49F3CCf429740903f412295,1.5008328066734784,1,1,1,9945450,13
0x58Edb6f0FFFFe081de157789053cEE5DcD774DA0,100683.81325136927,4138,3,1,10745443,20
0x3F499Fe484a61Af03b01ea5C81Eab14F67C11A5A,240505.57812831295,2272,3,1,10745476,20
0x3f8f881139FBbfDeA2bDd8BaDeb1E96e658A4d44,31.44823590900939,8,1,1,9870300,13
0xA0B5d75fEF7b024294411Cd92bf7E68ba5f18c99,288790.07030626363,2738,3,1,10795905,20
0xC75c0CFBE99551e35F93398B03F1BC2110F6Fc54,218626.9995738663,1628,6,1,10795907,24
0x28391130265ccF05EC1Aee5CB25B5dF5fDe993AF,-6.013587982837681,8,1,1,9695800,9
0xA13e2b86770A714084c93a8A4Fe3F31BdD5560A0,5310.104401673596,79,1,1,10821102,27
0xEE29fa63e27A392f454accD489233f4483174025,99473.19329332732,4103,3,1,10821129,20
0xFfBbaFADef0E06676eeDD3b727c2E4d48907c754,186113.4794775135,1319,2,2,10846332,1
0x94D1A66b5F1C437DA515C075EC1D42c29949b73E,468.8453761637927,33,1,1,10745781,28
0x20149e2C6a66bc8b377C0B6c06ce49213FfE3558,5.550979131108479,3,1,1,9821872,13
0xe9F550e2669D54a1E6c2B11B6c97078A9429155E,61.0103663241046,13,1,1,9846530,13
0x9acc2771f2c248dA2D2C28F44De8247f8773a8a4,4845.779725212154,95,1,1,10771080,29
0x743DD3139C6B70f664AB4329b2CdE646f0BaC99a,543606.3289602936,2154,3,2,10871549,1
0x09D90076f58468C98deD8ae214CA23a14279c6Ef,49.94534298210528,17,1,1,9996981,14
0x0000000071E801062eB0544403F66176BBA42Dc0,1923285.0410890544,11621,2,2,10896784,30
0xEA73c4Ab8a3a9c10214C8aE3D9FE3aFFa4D65F04,640.6927373351131,12,1,1,9971357,25
0x5C6DCFE7012a0A27973dca7a2a1bB1B7688a3528,13.037460013449763,3,1,1,9720999,11
0x0822fE8df627132d64C9c4eBb73ABa2BD70c22fB,51.04204571842589,1,1,1,9946397,13
0xDB63C4B853E1c5Aad96A886e90a577FE6514AeDA,1440.7052753485773,29,1,1,10821507,27
0x0fBA50Ad45B1e9EE11Db9B8A69A71168915F72a8,68.40914259883314,2,1,1,9997210,14
0x5b87166b6335AC2d2b8939d62c3eA02e49B2936b,12.211524621169623,4,1,1,9946581,13
0x20743dAC35638dC2d5A70ff3176a7937A2A9297b,1225.1480211617902,32,2,1,10871778,31
0x400F2B3264b89516dE2c79DE8B48D9b6C6B15F46,359.58965998034233,27,3,1,10046659,16
0x000000000000740A22fA209CF6806D38f7605385,292384.4820878261,1680,8,1,10947220,32
0x00000000002bde777710C370E08Fc83D61b2B8E1,178642.43041482143,5558,5,1,10947227,24
0x24D17FebC2F1405f675EE45161b2A473166A952c,10458.1068872614,300,20,1,10947235,33
0x570cf89349c712744c13b5b1749F00F2782AD88a,213.3028709012323,36,1,1,9672747,9
0x9Acce8598De4B6F0eFE8Fb140260073CCe010B43,290.74082752893975,54,1,1,10047018,14
0x000000000000084e91743124a982076C59f10084,1850655.333854072,10198,10,1,10972441,32
0xcDE287348FE949341d27d7f69dF049b74446573b,26212.116499456853,604,20,1,10972442,33
0x8Be4DB5926232BC5B02b841dbeDe8161924495C4,296464.6166936057,7770,8,1,10972445,20
0xc11ab1163743991eA647a3Db5Ca076733E21bA8A,46.11924836841679,19,1,1,10372479,20
0xe39AdcD1CE4C4370e65F8E82fe651d4091259620,14050.100778158894,465,3,1,10972466,1
0x5f3E759d09e1059e4c46D6984f07cbB36A73bdf1,265625.6195871805,7758,6,1,10972467,20
0x876c0A82a02F41BDABd7794CEEDd013e1Cf05D8C,-180.87397065860495,39,5,1,10922473,34
0xe5dC35cDFeF4A16460a4fce8F24d2FE2E5901039,33.01155727495823,2,1,1,9872141,13
0xEa653c2d038c479AbECbC45DE76c30949bed90Ef,2809.9785104834823,61,4,1,10972579,35
0xFd52a4bD2289AEcCF8521F535Ec194B7e21cdC96,151953.41353004592,4999,5,1,10997670,35
0x504Eb8996C656C5D27bE2E4D745FeF58aEB5D206,-187.21885509772824,10,2,1,10947518,36
0xe13FDbcB52Ee7E3710060D8402C0b6841a62221e,136.37264368150525,5,1,1,9823438,13
0xAfE0e7De1FF45Bc31618B39dfE42dd9439eEBB32,164939.83485449094,5216,20,1,10997678,33
0xb39B978E48932851a6E6F661a0a05867E672434a,79.53424647022288,8,1,1,10047329,14
0x1d6c43b4D829334d88ce609D7728Dc5f4736b3c7,30820.18614732188,1894,10,1,10997688,37
0x5cfd8d1160f5B36736095023Bf8E31A4ea7Db274,14.275745751181429,6,1,1,9823556,13
0x106a5e324b18f7e2E4e52b538d209F5b37DDbf3e,2239.7883232135555,2,1,1,9897300,13
0x855A5b16782304D3382dd764ef69a10EfbEB9A77,82647.9935647766,409,10,1,10997760,32
0x25270CC929Db52Ba5648480314A9485774efb493,3223.8573513543674,82,1,1,10872469,27
0x000000000000A32dC5DD625C107898A1C72Ad34A,26833.276628659543,286,6,1,11022923,24
0x5d81F0792705d143D3Ca7D86b8db5A345c088D83,4221.511483088145,714,1,1,11048146,38
0x766445E101A5952a7313Aef94ff79444302B2126,5225.044679553128,26,6,1,10997891,32
0x140c629FB22C63CdF7c344e70D67B52124D0D441,14109.438678858392,1095,9,1,11073341,37
0xab07554F7D5FfF6a291291aF7f1a432484173Da4,474.0118374535478,33,1,1,10822511,28
0xF67CCe7255dDF829440800a1DEFb6EdFaAf422C0,13447.653290479084,770,7,1,11098564,37
0xb1E26adA467e1Ad6673aEC53f875262e4d457446,5073.497090358532,293,10,1,11048201,37
0x409C1DE4433BdD32B6b9B23a0DcEcDA80F0B5f0d,-41.62389054055056,2,1,1,10847691,27
0x1794FbDbc56643f9D4C102C1CF0F4D3F5B7385D8,9.697070640561924,3,1,1,9799411,13
0x00bF034ceC51975FaeCe51b285724301436B21C4,149840.67633699675,2963,3,1,11123800,20
0xa6C484C80919Be6Bec5DFe596B54A90c0F6Be843,60126.70131455715,3056,15,1,11123817,37
0x000000a61AA8c4e48a832cc39655EF8156097aa2,30169.223387799928,860,20,1,11123824,33
0x25a3d7E7B189D298A0213873c561Efa1Ba838b6a,24.67872455876573,3,1,1,9698636,9
0x929A12706A1dB35e5Da816300C071B6B18a6485a,1750.5385863747535,90,1,1,11123844,39
0xad3fb45ea4d902647f22f4a7cB45ee8Ecb2073Ef,7633.117187620461,742,1,1,11123851,40
0x80eB692DBe46EA68FA9Bb1C7bFD2201a101873fa,12576.317277179443,160,9,1,11123875,41
0x3f2A2b2729F624BD23F252f46BAE42628D822A6e,43307.142664694766,506,5,2,11123878,20
0x6e527444861D8e3579d7f9EDdd7c289b1650154c,1416.429760770848,166,1,1,11123881,42
0x71489126967DEda386b5C418CA096b4bf67E3b15,31.703468351513713,1,1,1,9948389,13
0x556deEB7dF8bDBB56C4F510cB62612893d2a86DF,-128.75925780468822,32,1,1,11098770,43
0xB56c8Da53A9CDdddFFcbf722ccd6320FE058Bc5A,1.3742768859865817,2,1,1,9775910,11
0x062d6F8f62711E7b6907637fd7A0D10624911Cf3,875.4977506806108,24,1,1,10073128,44
0x97Bc9F9A02d43ff53452E66e45Bf940ebFE4235f,1052.7188062631424,200,1,1,10073136,44
0xdBf9F17D9bA57A2d9F5a28B2750503b3D84594Dd,12.09545619303991,1,1,1,9625297,7
0xCdb08fdD6A3b0991022dDe854d7cE1197d3c2Ca8,6.819504727887647,2,1,1,9748875,11
0x88c881d3FDFe1304244eCd8B02519Ec205F55abd,24.629227282106285,3,1,1,9948605,13
0x00000000DC0E59517a8114348d9130e7d3835832,38988.13213089802,1453,20,1,11149013,33
0x9E6B3BECB1e252aD01DE8a2555212B6Fb905CE64,-32.321886976008,5,1,1,9698988,9
0xf3C86aaD28dA2Fb392bD04bB96B6E9dF2BDED631,43.121571246644045,1,1,1,9948743,13
0xb3E595F32278Ab216769aA9ec4552Ae9A3204204,101.97923220555558,3,1,1,9873211,13
0x91aC88Dc0a58e3DA525292BDE24f452ca98188E6,136.97011754656037,25,1,1,9625556,7
0xD660b3D27Bc5D60eA68F398258c0a6DceCB2FB6b,-2.2432375270913654,2,1,1,9699167,9
0x90cfE1A23C6e4db43b0eeaFdF010D9f77ffF4040,30379.3646542227,90,8,1,10948411,32
0x39ABEC1A4D790C51D62882AA19e699B7bD5d3A9B,103.61601019438781,15,1,1,9749329,11
0xb083A608be8A7FaBfb0234B010839050171493DB,14.02678288465687,2,1,1,9699399,9
0x059817D54DEB1ea8Edf97a0b5976AD945c58aFb8,2.6085613613494427,1,1,1,9898914,13
0x1d3DbB0169CFC9572c02f5fB1DD8aEb6de0Eb49E,134.66877043269423,5,1,1,10923627,45
0x2369196FB62057Bd14C88b4Ed8E89e3dB854ee9e,409.14143689391034,343,1,1,11174234,43
0xEB46faa47A6A52519839A2e52c7b28a2Db17651e,120090.6755859679,8067,15,1,11174246,37
0x7074Ab5DC15eB24426592dF2B294f54EC5a01eC4,86.54174077545458,21,1,1,9899133,13
0x2884fa2899723af3e45839D212B6FC364f3CAb9d,1.4355229671024736,1,1,1,9873640,13
0x6c94Eddc28b8C8E63cC1f20E58783cD1E50043F5,853.8181498273678,108,2,1,11199457,46
0xdb25bf8CA30b4dD1d61148513ed53E1003C9d2ad,670.2765168899025,61,1,1,11199459,47
0xE860DA4d95e0eb555eCc22Ef06B780754DAAa8b8,105210.11684933968,2709,1,1,11199504,48
0xfE201551e800871f6ce0FaF141107F298440F570,26484.475101053875,321,19,1,11224682,41
0x0625B7DE6308f44C2621d32094340eca7058EF8f,-131.77445325382575,121,4,1,11224682,46
0x8e7fc617e87B39bd5Fe1767a95AFa53D2C79F147,-0.4104877122480377,1,2,1,8747384,1
0xb90A39f3a7f7a5E60876e783572107e06c2CC85f,40.18300323626494,2,1,1,9923898,13
0x36EDdaF76cDEa4FE80e05672d9D8861eEB888B3d,2599.9089036724463,246,1,1,11224708,49
0x24A5EC7650761642b128A8883a30f419e1B7cd59,-176.79986786904152,38,2,2,11099408,50
0x16818682b41844Dba3e17553B242a0B35c6f2A77,707.7309336676376,161,1,1,11149516,43
0xC413d1E6EF9EE6989B24731447d2a24f9a038023,-62.006705577470704,3,1,1,11199613,51
0x2231411ADfa1F3e2fF7BAF21651B2bDC8F6Bcd57,2113.0437431838764,259,1,1,11174529,52
0xAd554A87FE2029fa258C17244cE1A979196Fb20c,54.96769812027391,17,1,1,9924195,13
0xe277Cc5B7f396817350dC9C7693c3555fBdeabED,1017.9398278033769,68,1,1,11199683,53
0x8338903248CC0CB6Db0323f029D6c4abE7a39F84,57142.53863162514,917,1,1,11224865,54
0x9B7c8e21c2A238069179bC4ffeA7162C67B27e81,2.427386660585093,1,1,1,9699966,55
0xC4c4A6DB3A80efD6E771b017378987e508027544,328.0251627545148,18,1,1,9999975,14
0x598CB16ed64c094c5dA3fC9aAB41601D20342140,2804.267287077629,337,1,1,11099596,56
0x8f26d5b30Ae3f856F3Fd1f6f02C7E1F2d8b688a7,57.97270161903616,3,1,1,10000071,14
0xb703A9444A60Ef0B6afAB829f9C95681D0DdD21a,28.181358152931274,3,3,1,11225034,41
0x1ee0E77B630542B74a9262edC51d634753D3DF91,727.2568500818536,27,1,1,11249915,53
0x0000015DFEf4D1cc8Eb7C5Ea84338b4072Fe58db,-2161.426258880797,247,4,1,11249918,46
0x16c00b7276bEf7D97A72e61526819A9165C63d2c,8917.23435119826,879,1,1,11249941,47
0xEFd55fF68D0dbeDb913D90256fc1E25e4594e4b6,-4.736806653120636,1,1,1,11074440,42
0xa7Fe0845036B28E5607f553DCDa343C30820f613,14836.555674379118,1221,1,1,11249990,57
0x341C8DC3A41Be16Ce427C15a625983bdEf2D2f27,7980.164527680947,186,3,1,11275130,58
0x71BF75b5be46026ddc254A06c7f3412F04Ae78fB,20.628136755983256,7,1,1,9950593,13
0xFc9501563dBb9ab3f91a84742070DD9e70ef7A2e,101.36002159733818,9,1,1,10019461,16
0x86EB560baB5D00bEBEd287201E959384cbC0aadF,-166.23011097157377,41,1,1,11200059,59
0x29991f45B82A930B022Ee5D46D019DbcB7Ff5E46,116.27448790403032,12,1,1,11074578,60
0x773e3A11FCF41C053028E68C10Ee4C8d95d863B8,6.415192458173381,2,1,1,9950834,13
0x9d564aEf4B1b5a53818225694Db1285216783e8f,12.978356199153165,5,1,1,9700727,11
0xAc855Cb253Ab695E38A04AFb937C6D82261c5a40,-3.548762757035638,1,2,1,10924593,61
0x000021d80f3B7bAeC041C44cD823263279C13fBa,833.195883817624,96,2,1,11275472,46
0xf6a31E419026ce02872C18df1657A3790B0f0Da1,85.33045190888159,5,1,1,9651694,7
0x19BCe3f6B6852B428200af023Ed498909E61c6Ae,2.4031036010064057,2,1,1,9827344,13
0xCDDb1388c2E37C3865918937f78bC08e19a28426,12.723232897888062,4,1,1,9778798,11
0xF542Bbe0A8DdDed7b5d9f60bf745e956A8E8D3A8,3802.893724742777,84,1,1,10849617,27
0xc5C94701F6E5661B8aA54cdb93F301e3BFDf81C5,33.91317872306647,1,1,1,9827540,13
0x10397A510D56B4287db3b28a140EaD6e7a9a84A9,443.0263127919828,11,2,1,10999546,31
0x2a2927C24e6123cC0aE5F69F463CA03D4a734B2e,3.3985071837947354,2,1,1,9803458,13
0x0313410b35bFc48b5C40569D53A30BeF728f2fE3,101.77068010276925,24,1,1,11275812,62
0xE2AbABd4238aCC0C4f1f5813b1C6798cBa8f5df1,8.671928888440663,8,2,1,11200909,63
0xCBAeD798a675Fc24077424BbD184A8c1EaA61939,9786.562146263324,124,14,1,11275935,41
0x2C62234e2363063Db7645783521Dc89BeD27c9B6,-58.123126736262854,5,1,1,11050350,42
0xBaA84Fc3563eCf105E54D66a254425B10d0609C4,4.343208151021315,4,1,1,11250827,20
0x5d6d2fcb2Af1E8a48F5099aDAda8Dd59BE943288,9.15098694240651,3,1,1,9726206,11
0x302a8C23C08E706c780Cd6717d1F9C154f098477,125.39471133580074,23,1,1,9952279,13
0xac8270a6f13C3fE4A1367aeeC5A48911e816FDd0,208.0286787029931,64,1,1,11025083,64
0x1853E58da5494713EE0258Cd0662fE03FF7B7dAF,143.99485053424115,41,1,1,10051920,14
0x69E577eab11eC3A331Da41daEAd834E4cC5e3Be0,355.33760898186716,74,1,1,11201233,47
0xB0b604c0f3Dcd35C581e6dF474D0153A2eE78eB8,900.633169797222,17,1,1,11126312,65
0x7190Be8c98De3c9FeCf222dC5758081200cF2057,41.96855054459956,7,2,2,10226843,19
0xC200A17fA38D2DA5DD961320b57174A728a64ba3,45.855193867788515,7,1,1,9678544,9
0xF0DC29E5fE8BC9490d67b9ab0879729DD03f0c18,79.72040148228602,13,1,1,9702322,11
0xb5A62a38Ce74f7A870789Aa4666408b2773eCbd3,778.4202539576922,42,1,1,9927179,13
0x5B367fAEa481537865BB63C15Ac96E545386EC11,887.8842263977419,8,1,1,9927179,13
0xDA0ee861B0Fe9B9B18E4E338512260Aed2CeCD14,130.91703192238612,29,1,1,10900354,45
0x00000000007e35dff0153a18de63c4F58f04fD1C,-3.049468971998465,4,2,1,11075711,66
0x513B7b3993db3E7E7107D9cdf3Aca44DFCB52984,293.44834153312763,60,1,1,10021364,14
0xE8E87367503D382977A3c4Dc6182772FC364A4Ec,17.018387478026906,1,1,1,9876840,13
0xE3f70e7f378D4c64d30EbB46C819D50F7d2B1ed4,31.55746914258491,7,1,1,9876869,13
0xE3083B0579E7c7fa2dCfb42A38Dda125d6ed32B7,27.4228520841352,2,1,1,9804863,13
0x62419C7aA17f1978963062012ff6Ba279FB8Fa28,22.664327092041557,9,1,1,9829179,13
0xb7172Cd7691503E9992A0a46c4CC940671D1C191,354.914439726789,6,1,1,10052644,14
0x2C334D73c68bbc45dD55b13C5DeA3a8f84ea053c,-1058.9585949143907,16,2,1,10825769,21
0x5609900cF2Bb22A6C8A52f6Dc13f51202e579Ed7,3.8541727600529887,1,1,1,9556350,12
0x2345D6da83Eb0ae4D44e5A91bB64220C7DF5f2b6,127.67623918446256,12,1,1,9679595,9
0x7805B907B2809A151b6AC7da3e1F44549666208d,5.3201836546887264,3,1,1,9852810,13
0xf895CE0BbD8e9a178a88146Ef919eF928E6b3908,46.57470019595799,9,1,1,10426394,20
0x81823B90af5317edD84169c3aaBD7aF365EA81dF,26.219239291244484,2,1,1,9727657,11
0x2Ba2dbb8547dE51600fBb3B7E307d46D8f6F72aD,110.46124809839415,21,1,1,9529897,5
0xa5BedD7Dfe779Ef7Dd1Ae749aA14F1AE1d9f13E8,941.9476113486901,60,2,1,10203676,18
0x66e0EC1660F9378df6968c003b79F53932f23192,4.08578523276957,2,1,1,10022471,16
0x71f4f9b59277A0bB3cf938e9d22b28cFfC3CBaDf,14.271317323325366,2,1,1,9754313,11
0xf192d9dDC9Ac057eB0D98dEbCfaCa0F0b1f339e1,0.8852442482018469,2,1,1,9806095,13
0xAFC119CFdCDD817fc2a0fFaD6d55f1e5aC13ba2c,-73.80396242473674,4,2,1,11076531,50
0xF5ef459E90549c714Bc606dDb995F662240723d3,-307.67335232297745,19,2,1,11277356,59
0x1b942a60E1E6D1c2e8606FF896b6963C4C8afF2D,2.5330804321997693,2,1,1,9853745,13
0x70A740fa253FD06840F47d1a3c99B3Fa9ec2d1CB,154.47758648627453,30,1,1,10004141,14
0x8e23cFb3DE52E1A22959a839E949E10F75E91eDa,317.092194393913,68,1,1,10054611,14
0xAb7AD2D2c4ba266E1dB809767c926642E01eA88F,60.19435821211195,5,1,1,9954980,13
0x33C50B1C7cf7F3e100710f9843Ca37c58Cad445F,-164.80721216591718,24,3,1,10502519,22
0xF05d775333f963b1181805Da0656bdDe5DA655Bb,174.3029979468747,8,1,1,10054802,14
0x25b8667Da8EDf85C908Bd995416547e4605B364f,13.431559809167496,2,2,1,11202702,67
0x648F904493ffcBe9096D81D604cfa645bA879e80,809.9879553314468,258,1,1,11202721,42
0x7E38f441d3615a052b1514F1a1e12eB67eb406DD,47.950324574285425,5,1,1,9755552,11
0x872e9Df9c017FD7A5fc30E9c012ffDb2704c6B5d,43.97234877861598,3,1,1,9905236,13
0x9546C5adDBb82c3f2B9eEA29819398145e304D1d,1.3417606541591132,2,1,1,9807377,13
0xd64AF081df9673A1472fBe878828AB119d33D612,972.941965162239,11,1,1,10023804,14
0x76f2ae90e5248Dbc783e263A02B430C325c3E141,345.8903880030494,6,1,1,10004802,14
0xe20366e8D6c46a8a637F5Cf5098f0210fd7703Ee,235.67623559371174,11,1,1,10901904,45
0x29803E3a2f45F0493AAb804a7131d27b93B5fEE5,55.95575141583449,13,1,1,9681942,9
0x20B0BB43AF79c9197f42e7A37Ad42AA6CEB12162,80.45126179371525,53,1,1,11203206,68
0xe2f182Db765FA90b06417479527Aa35b147CDD7a,37.20506636454148,10,1,1,9980943,14
0xC5bB6f1AdCB1876FD9cA3615601a17659bdF222a,2.5445658381773946,1,1,1,9756744,11
0xF2a7a7A61F6744F941581A9505D28d0CA0687Ae9,-12.695172334898665,1,1,1,11177806,69
0x9980fC4754f789ffA32E5a9CF089F82741B355e2,-153.338070397339,18,2,1,11278207,68
0xD3661F906eA1CDC3a3689ed9ECF10544AaDa79f0,-533.8020856806934,65,1,1,11278269,70
0x9EbE43Be5e29892e2126b9e8B7463C89575Faa70,-2.5850365854288597,3,1,1,9854576,13
0xF2D80bE840fa69BDe8e5FA222c51CB8637DbaA10,37.40165619172292,7,1,1,9906325,13
0x3f8E3178C2cc05C93b1e831abcE549b5c5ABe4d8,2.0981248457001596,1,1,1,10355789,20
0xA4E76Af1c424a72773f5089f9EEf6490e7614710,-7.14296855194166,2,1,1,9981731,14
0x8C9570B528975effF6D95155394B6C1181530768,16.946680468695675,3,1,1,9880103,13
0xaf42d382F0bf113F7334cd217fCc5f7E211f221d,5901.059415529359,195,20,1,10952698,33
0x3351406c40eCE2FB82e664B57F74dc85e4828dcA,-15.248815868155656,7,1,1,11128845,71
0x96ac513705852591286A0D11f5335d9462FCA996,11.942552622895317,1,2,1,10927917,61
0x051591d0E0E4E7e095F783C9373C03832b00C699,-60.4444138174931,3,2,1,11278557,72
0xd855094354e9A42493da4568A1f5e6F1591B6B82,20.27428451163925,1,1,1,9906821,13
0x167cB4A335AB87b231d7c78ca947Ff7F3B3B22a6,46.78851301194951,3,1,1,9833080,13
0xf0Bf1a99c935fA03C239d0022F51171cDfaED261,48.303128778158964,6,1,1,10356303,20
0x34e98eFA03162a0A86903d133D925622Bf356A4f,961.1204792636224,11,4,1,10928133,32
0x3ba38aD968E9f803943c97097038c940bbcDa366,-40.45852440942752,26,1,1,11254020,73
0xBDa49aF3223BD1C2f7Dc8eD5C1d2bC6eAb67fEcC,75.70117871816217,2,1,1,9958116,13
0xF3eF36024ae99aD5B541dCc368747bf77bd5087c,73.41852723115396,14,1,1,9683799,9
0x189181c38BB0f7c9437e4B374d40971340949283,1956.002570661501,394,1,1,11028001,64
0x798fA7Cf084129616B0108452aF3E1d5d1B32179,70.3552263926825,1,1,1,11279177,74
0x9Ee3f7d140082038002eEdA07C0677aD15780eb2,45.233598253261604,5,1,1,9958395,13
0xc6cCfb911215bd76C6c14cEC0AEF8b20AEF6eB86,-865.9938928899626,7,4,1,11204682,46
0x1a9536c11d07d565A51Fde5797457691F022e50d,148.0499499028634,2,1,1,11104229,75
0x7b946969234ad637c56bf5D2459eF969981B1ca3,9.913513194395689,3,1,1,9882004,13
0x3bb8Fc3098B391301f55f83e2d7aC568235aCA3b,-41.784488081054754,18,1,1,11129934,76
0x133ad419D86CC4C102D5119EeCa0C2618479d3CF,240.81318151573814,40,1,1,10027229,14
0xDfCfcEB96E200641483EBc9B0F158117aDa91452,5.522059758810555,2,1,1,9708337,11
0x7dF301FCc3Cb39dc420851a304Bf97F667088F0c,124.04263310381137,17,1,1,11028673,42
0xBE4327984C75067Ae92D599b23bE6b74a3404c99,22.174880826695848,1,1,1,9882927,13
0xc6bf021041cDd20aE68BC7e1809C7d5E0f52891F,-95.93771523979318,4,1,1,10754706,77
0x2A1C5eaFC10AA9FB4080D9841a117eCBcfA847F1,-8.537917590560024,1,1,1,11230067,78
0xD8259743a47D45eB7b05268E711e7160B51849d6,2154.538288886703,203,1,1,11230084,47
0xaCd8F35cc565d659ab48C34Be6Cd8c62bE018945,-48.90671935058612,5,1,1,11280863,20
0x46414C45A640aB373351B1D40CF45E268a5b8ac2,5.625903678585932,1,1,1,10904877,45
0xF07D5F597651921Ff8B8e0272080A408CD1A3901,-33.885079763650346,11,1,1,10606359,24
0x9627e26dbad8AfF4E38E396770F89E904ECbB9BB,11.624394095569412,7,1,1,9911489,13
0x00002d30016ce16C4612F476195b2f0D796b5944,78.52062774310996,7,4,1,11206549,46
0xf5F8d0F3CC71bFdbeae2B3e7F874501Ee277916b,-123.98521424750813,2,2,1,11256340,79
0x3548cc4fF973fCadB01F9e85Fdd3B908de70D4cd,136.96021669750598,1,1,1,9911734,13
0x6e68C9704Edfd8870378A9545794403F0302D270,63.43819045049148,11,1,1,9885140,13
0x1DC09AF6AEAbFE733EAc67D11e06f27D1d2ee567,4196.02567096245,186,2,1,10581895,21
0x2D7E39352F6f60eAd321b793b0042e254cf5419A,36.75627457408281,2,1,1,10806615,29
0x31e20f44aeda042fF26932e99741Fcb6A3fC0b63,43.71340588408399,4,1,1,11055536,80
0x5E14DE7d66Ab75338bDb5ba6b3E332896F3e7f80,-2.725392836748278,1,1,1,11005134,66
0xe793728fAFBb8d00096d37A978Cd632e9D6DF669,14.698298958286518,1,1,1,10807116,27
0xcDA9778866f35108CC0c7d89321AefEF19BC6093,28.144285255312706,3,1,1,11231579,81
0xff15BE7eB263f70fC9349C2f930e641686E154aD,233.90029355560307,4,1,1,9886081,13
0x8F173e415f5FD5f7A205ccFafc564238ea026212,-15.868242966996643,1,2,1,11156267,46
0x0683Ff475267d7EB397565E051408f867055aCFb,358.3625742267028,46,1,1,11181629,82
0x5FF936f7f4F217eF721df03B5BF91c2929a34394,-48.035389783439825,1,1,1,10013413,16
0x0CD20F02171316C0F223F7B4F16e550B3B81f651,-105.80056082870331,5,1,1,10832398,27
0x8344747CFa51e489afe80820aB899491E9Ce8d17,218.71924825686904,10,1,1,10907332,45
0x5A9B7CE8F65e84Efb4D09572C23D276990e4C404,1010.2691932752158,91,1,1,11208879,49
0x86C14FfC37B0d8A280b71640aAcc9DbF48278872,-5.27600033570211,1,1,1,11258700,81
0xd8D8adF3Ba7F75F452356988609eb849413d1985,-53.996091227121546,5,2,1,11157527,46
0xf27B6320E9Fa107c9AE72f1C82fa57000FbC0792,21505.070577197064,1171,15,1,11157636,37
0xa62c0A7D6c7a1E44f44DAF1d47b9919c1585B4A2,315.5438353692703,4,1,1,10035953,14
0xF53d536bD910008afD95838d0767aa6bB02fB725,-64.83977630010395,3,1,1,10958134,42
0xd5Db6fb1e201333e6D806dF3EA8db8f65868ccfE,9.335812952714111,1,1,1,11210167,83
0xFcBD4a4165a98A362ce8b60024da8e58eb3E3195,-12.4985800668371,1,1,1,10759575,84
0x3Ae20E7dCb4C46b31DC715b4C647051D770FCC57,1207.1459121543471,169,1,1,11184367,47
0x590bFFac14387445C24d685f19d471000254bcEE,862.8827280002106,92,1,1,11159101,40
0xcd563365b169B7D2cC7c84fa322e7a467FA9A157,614.1525019757842,2,2,1,10761512,21
0x8872b1620f00C18ED10224dfEc1fBde1A46Dd729,-2.6919147579935983,1,1,1,11286928,85
0x2F6abcf728011EC4eA2c548D162A1e2363cD8f5B,-192.21190461829178,9,1,1,11262345,62
0xBB1d0f7c234ce56e4FF02A968962CCe5d2a661d3,158.61325858540405,1,2,1,10836738,32
0x5014223597F807D542E85431C42b926E2CDa86a6,-55.90981936394206,8,1,1,11212991,86
0xBb26C7279CEF87E962910393eEd6fC5B296b7dF4,-21.56518744843355,5,1,1,11237327,73
0x5eBEE85AC8F3a99D16B253e6bB57e1b4D8358458,-7.680073697480277,1,1,1,11288260,87
0x3237D8CA629A693C8c5f734304957Cd70f65545a,-9.609459076058947,4,1,1,11288282,85
0xAA6b9334b953bc03394A6f523aF296a4aAd4474D,-20.232893735271,5,1,1,11010957,74
0x3345b9fD5DD1F913eFD022bc25f91D0c4372Aa4C,15.773786486862273,2,1,1,11263347,88
0x1Ca91433E5Ae955E108d268830259cc6CD0c31b1,3.5172849203415986,11,1,1,11288759,85
0x01EA49Ef00ebdE62F9341B34876EE2132B212eE6,-48.91663976148388,2,1,1,10888148,42
0xafdFB41705259b8512c0919eFa6332a986dF1bF1,-43.21632078623215,1,2,1,11289084,79
0xBdFbe8F60Fd3d00227Ff8dddB3675F3F0c5eD6Eb,19.013062251190938,1,2,1,11011476,66
0x9A0F370DE33b47567fC6e5740a3BC0580587Df24,20.934497342736716,1,2,1,11012180,66
0x2d64e332bB6b61551Bb5Dd9448eFd0Fa74FD6Aeb,372.12869346557954,8,1,1,11189690,39
0x75f8eb6794dD35fa9078663A40C22a415359b123,-17.153681295344793,1,1,1,10765956,89
0x1929D4b38d93880d3d6554ec8BE302fD398cE97A,357.2502904809964,9,1,1,10914767,27
0x99BC4C6A6e8080616Dc2B0c7E0e72328D15f6833,-171.63772802880072,21,1,1,10742522,89
0x70dD01E5B95D87905376BA5268e5C054094bdBde,-61.85287140301058,1,1,1,11065886,60
0x48ED4f5937e1233907F5E34FedC1527a6D825EAd,153.27570663407917,3,1,1,11066456,60
0xb5C86b112a883A90Ed4b5EE8c4a33F297C820aaD,39.30627902378648,5,1,1,11014935,90
0x6916950e106A6a9eFA7D40D5d49Da041736ce860,568.73065973117,4,1,1,10744534,29
0xDf9b65D68AE0854BF0D6bd14c5aFc29EEea26cAE,260.7611388604331,2,1,1,11293579,91
0x159c0451e35823D1a59a1df57015FDBE62977a2d,18.929006101058203,3,1,1,10992473,27
0x55eF9F33F7b9617fA5Be67309231BA397d088d08,-7.066278983416167,2,1,1,11119407,92
0x53473Db3a767B1Fbe4C5b5159F88149654D2aF75,-278.7932261191193,43,2,1,11269606,46
0x33CA1cCAAf64B2484D0F6567d5Ab54f6a10537B7,11.738669472530196,1,2,1,11194466,46
0xD7b4276914fd462CaD75ee442aC22636025FB039,64.61138700206818,1,1,1,11119936,93
0x6754214DE3483c87EB2DB50a8c06B7cF35027f6f,-588.8365606934171,31,2,1,11295443,46
0xEA6F2d4f8Ba884Ecb1775E1CBFa2cb0E36685885,16.57395630225152,1,1,1,11270663,81
0x759752D8f987CB6c54f8497FfB3626C9f39e2dEE,-81.96845121661562,11,1,1,11295805,85
0x3f899A9B7cAf7d0E72023E2f477531ffB7dc9bf1,-57.86810996032238,1,2,1,11145453,94
0x51810F4Ac93E0DaD404AfB8d0519C26cF27BAcC4,-14.835528928113582,1,2,1,11095231,50
0xa737d479a90adc109743c765353DAd5b9d12BD43,-13.095444065212602,3,1,1,11196176,95
0x177B54FFA5Af79f4224132755079a9054562f33C,-24.0225527233035,5,2,1,11095888,50
0x0F58a0614F2042B503D65109e983168522c08176,-12.480056786424484,2,1,1,11197448,96
0x88723D2DDe5B7b88f0e7d49d8C2d26224ADcfE98,-10.187844435412694,1,2,1,10921800,97
0x0EDA6ACfbAe733f6f9E87A3c86D3b2F39d57C59a,1430.4286447828163,156,15,1,11171134,37
0x00000000B733ffa122a844aD31efFf92d8117A5d,-32.51341139920147,2,1,1,11171178,98
0xbb3ec7Cb7446dd3dB05694BB34240eE1b0920477,693.5156290477258,8,2,1,11298105,58
0x07755E63086312774D70D30308Fa8737DC17214d,-10.183490547850717,1,2,1,11299136,85
0xBa6661044526E3aB73cd32EBA00C4840E270E03e,-19.34091108565036,2,2,1,11299363,85
